supplier_id,sku,avg_lead_time_wk,lead_time_std,on_time_prob
SUP001,SKU001_Snacks,2.9051846666740895,1.3567445962454079,0.7508579175914833
SUP002,SKU002_Beverages,3.769206245164591,1.0931050735301073,0.8868428714758821
SUP003,SKU003_Cheese,4.728620335310001,1.144340967965134,0.8424967038133998
SUP004,SKU004_Bakery,2.9193764888929223,1.4469822841691249,0.8098878513546923
SUP005,SKU005_Frozen,2.232157946823195,0.5193026887623596,0.8545877575594804
